cpra,gene,clinvar ID,to be deleted?
chr2-178436319-T-TTAAAGAAATGTGGTTCTCTGGAGAAATATTACTAAATTTGGCAAGAAATTTCTCAGCAGCATTCCTTTTGGCTTGCTTTTTTGATG,PRKRA,,"Yes, poor quality"
chr2-178436319-T-TTAAAGAAATGTGGTTCTCTGGAGAAATATTACTAAATTTGGCAAGAAATTTCTCAGCAGCATTCCTTTTGGCTTGCTTTTTTGATGCCCCCTTTCCAGTTTCCATAAATGACTCTAGC,PRKRA,,"Yes, poor quality"
chr2-178436319-T-TTAAAGAAATGTGGTTCTCTGGAGAAATATTACTAAATTTGGCAAGAAATTTCTCAGCAGCATTCCTTTTGGCTTGCTTTTTTGATGCC,PRKRA,,"Yes, poor quality"
chr1-1022269-C-CAGTCAGTTGAAATGGGCGTGGGTAGAGAACGGCACATTTTCCGAAGTCGGCCGCGCGCCGTATCGTGATTTGACCCAGTTGGGCGAAGAATGGCTGCAATTTGCCGATG,AGRN,,Yes
chr12-6943843-C-G,C12orf57,1328141,"Yes, gene doesn't match"
chr12-6943843-C-T,C12orf57,1202611,"Yes, gene doesn't match"
chr12-6943845-A-G,C12orf57,1328524,"Yes, gene doesn't match"
chr7-100108012-G-A,AP4M1,,"Yes, affect other genes sharing the same variant"
chr2-88691702-C-T,EIF2AK3,2662889,"Yes, affect other genes sharing the same variant"
chr19-45350505-TCCCCCTAGGTG-T,ERCC2,,"Yes, affect other genes sharing the same variant"
chr19-45350660-C-CAG,ERCC2,,"Yes, affect other genes sharing the same variant"
chr19-45350664-CTCCA-C,ERCC2,,"Yes, affect other genes sharing the same variant"
chr19-45350669-A-ACG,ERCC2,,"Yes, affect other genes sharing the same variant"
chr19-45350673-CCG-C,ERCC2,,"Yes, affect other genes sharing the same variant"
chr19-45350676-T-TTGGA,ERCC2,,"Yes, affect other genes sharing the same variant"
chr19-45350679-GTC-G,ERCC2,,"Yes, affect other genes sharing the same variant"
chr19-45350719-C-T,ERCC2,,"Yes, affect other genes sharing the same variant"
chr19-45350718-CCGAGG-C,ERCC2,,"Yes, affect other genes sharing the same variant"
chr11-125896073-T-C,HYLS1,1447306,"Yes, affect other genes sharing the same variant"
chr11-125896230-G-A,HYLS1,2907421,"Yes, affect other genes sharing the same variant"
chr3-129437838-G-A,IFT122,1700253,"Yes, affect other genes sharing the same variant"
chr3-129436839-TAC-T,IFT122,1879590,"Yes, affect other genes sharing the same variant"
chr9-34661947-GC-G,IL11RA,,"Yes, affect other genes sharing the same variant"
chr4-150583769-G-A,LRBA,139623,"Yes, affect other genes sharing the same variant"
chr15-55319267-G-GC,RAB27A,2992590,"Yes, affect other genes sharing the same variant"
chr2-121530895-G-A,RNU4ATAC,218082,"Yes, affect other genes sharing the same variant"
chr2-121530930-G-A,RNU4ATAC,30178,"Yes, affect other genes sharing the same variant"
chr17-28396028-T-G,SLC46A1,,"Yes, affect other genes sharing the same variant"
chr12-32737153-C-T,YARS2,489061,"Yes, affect other genes sharing the same variant"
